{"cameraMode":{"drawMode":0,"name":"Shaded","section":"Shading Mode"},"sceneLighting":false,"audioPlay":false,"sceneViewState":{"m_AlwaysRefresh":false,"showFog":true,"showSkybox":false,"showFlares":true,"showImageEffects":true,"showParticleSystems":true,"showVisualEffectGraphs":true,"m_FxEnabled":true},"in2DMode":false,"pivot":{"x":0.23999980092048646,"y":0.03737267851829529,"z":0.33499962091445925},"rotation":{"x":-0.24969780445098878,"y":0.49351903796195986,"z":-0.15045490860939027,"w":-0.8194622993469238},"size":0.4753081798553467,"orthographic":false}