{"cameraMode":{"drawMode":0,"name":"Shaded","section":"Shading Mode"},"sceneLighting":false,"audioPlay":false,"sceneViewState":{"m_AlwaysRefresh":false,"showFog":true,"showSkybox":false,"showFlares":true,"showImageEffects":true,"showParticleSystems":true,"showVisualEffectGraphs":true,"m_FxEnabled":true},"in2DMode":false,"pivot":{"x":4.190000057220459,"y":0.17499999701976777,"z":6.440000057220459},"rotation":{"x":-0.0026940994430333378,"y":-0.9974250793457031,"z":0.04851119965314865,"w":-0.05424339324235916},"size":0.3031091094017029,"orthographic":false}