{"cameraMode":{"drawMode":0,"name":"Shaded","section":"Shading Mode"},"sceneLighting":true,"audioPlay":false,"sceneViewState":{"m_AlwaysRefresh":false,"showFog":true,"showSkybox":true,"showFlares":true,"showImageEffects":true,"showParticleSystems":true,"showVisualEffectGraphs":true,"m_FxEnabled":true},"in2DMode":false,"pivot":{"x":2.331613063812256,"y":-2.2931859493255617,"z":3.0137953758239748},"rotation":{"x":-0.27469921112060549,"y":-0.08151441812515259,"z":0.023378944024443628,"w":-0.9577838182449341},"size":5.107395172119141,"orthographic":false}