{"cameraMode":{"drawMode":0,"name":"Shaded","section":"Shading Mode"},"sceneLighting":true,"audioPlay":false,"sceneViewState":{"m_AlwaysRefresh":false,"showFog":true,"showSkybox":true,"showFlares":true,"showImageEffects":true,"showParticleSystems":true,"showVisualEffectGraphs":true,"m_FxEnabled":true},"in2DMode":false,"pivot":{"x":4.6270904541015629,"y":-1.3506479263305665,"z":0.7131175994873047},"rotation":{"x":-0.27135026454925539,"y":0.013247709721326828,"z":-0.00379969016648829,"w":-0.9624314904212952},"size":23.90460205078125,"orthographic":false}