{"cameraMode":{"drawMode":0,"name":"Shaded","section":"Shading Mode"},"sceneLighting":true,"audioPlay":false,"sceneViewState":{"m_AlwaysRefresh":false,"showFog":true,"showSkybox":true,"showFlares":true,"showImageEffects":true,"showParticleSystems":true,"showVisualEffectGraphs":true,"m_FxEnabled":true},"in2DMode":false,"pivot":{"x":9.749217987060547,"y":-14.97533893585205,"z":21.699832916259767},"rotation":{"x":0.2867262363433838,"y":0.006911119446158409,"z":-0.0023395055904984476,"w":0.9583296775817871},"size":28.571073532104493,"orthographic":false}