{"cameraMode":{"drawMode":0,"name":"Shaded","section":"Shading Mode"},"sceneLighting":true,"audioPlay":false,"sceneViewState":{"m_AlwaysRefresh":false,"showFog":true,"showSkybox":true,"showFlares":true,"showImageEffects":true,"showParticleSystems":true,"showVisualEffectGraphs":true,"m_FxEnabled":true},"in2DMode":false,"pivot":{"x":104.68367004394531,"y":157.6597137451172,"z":-2.66558837890625},"rotation":{"x":0.15799884498119355,"y":-0.03215571120381355,"z":0.005244558677077293,"w":0.9871159195899963},"size":328.16302490234377,"orthographic":false}