{"cameraMode":{"drawMode":0,"name":"Shaded","section":"Shading Mode"},"sceneLighting":true,"audioPlay":false,"sceneViewState":{"m_AlwaysRefresh":false,"showFog":true,"showSkybox":true,"showFlares":true,"showImageEffects":true,"showParticleSystems":true,"showVisualEffectGraphs":true,"m_FxEnabled":true},"in2DMode":false,"pivot":{"x":0.533852219581604,"y":0.7305763959884644,"z":-0.14599084854125977},"rotation":{"x":-0.03659417852759361,"y":0.003904476063326001,"z":-0.00015211713616736233,"w":-0.9993472695350647},"size":0.5787919759750366,"orthographic":false}