{"cameraMode":{"drawMode":0,"name":"Shaded","section":"Shading Mode"},"sceneLighting":true,"audioPlay":false,"sceneViewState":{"m_AlwaysRefresh":false,"showFog":true,"showSkybox":true,"showFlares":true,"showImageEffects":true,"showParticleSystems":true,"showVisualEffectGraphs":true,"m_FxEnabled":true},"in2DMode":false,"pivot":{"x":2.445441722869873,"y":0.9143454432487488,"z":1.1902508735656739},"rotation":{"x":-0.2712368667125702,"y":0.025672977790236474,"z":-0.00724039226770401,"w":-0.962147057056427},"size":18.20159339904785,"orthographic":true}