{"cameraMode":{"drawMode":0,"name":"Shaded","section":"Shading Mode"},"sceneLighting":true,"audioPlay":false,"sceneViewState":{"m_AlwaysRefresh":false,"showFog":true,"showSkybox":true,"showFlares":true,"showImageEffects":true,"showParticleSystems":true,"showVisualEffectGraphs":true,"m_FxEnabled":true},"in2DMode":false,"pivot":{"x":915.5215454101563,"y":319.10333251953127,"z":900.7091064453125},"rotation":{"x":-0.09260892122983933,"y":-0.0009858470875769854,"z":0.00041890295688062906,"w":-0.9959526658058167},"size":836.7882080078125,"orthographic":false}