{"cameraMode":{"drawMode":0,"name":"Shaded","section":"Shading Mode"},"sceneLighting":true,"audioPlay":false,"sceneViewState":{"m_AlwaysRefresh":false,"showFog":true,"showSkybox":true,"showFlares":true,"showImageEffects":true,"showParticleSystems":true,"showVisualEffectGraphs":true,"m_FxEnabled":true},"in2DMode":false,"pivot":{"x":2.862870931625366,"y":0.28460410237312319,"z":1.6348155736923218},"rotation":{"x":-0.03659417852759361,"y":0.003904476063326001,"z":-0.00015211713616736233,"w":-0.9993472695350647},"size":1.8828184604644776,"orthographic":false}