{"cameraMode":{"drawMode":0,"name":"Shaded","section":"Shading Mode"},"sceneLighting":true,"audioPlay":false,"sceneViewState":{"m_AlwaysRefresh":false,"showFog":true,"showSkybox":true,"showFlares":true,"showImageEffects":true,"showParticleSystems":true,"showVisualEffectGraphs":true,"m_FxEnabled":true},"in2DMode":false,"pivot":{"x":1.1125707626342774,"y":-3.9910221099853517,"z":4.896815776824951},"rotation":{"x":0.28744444251060488,"y":-0.01723763719201088,"z":0.005176032427698374,"w":0.9576423764228821},"size":9.696685791015625,"orthographic":false}