{"cameraMode":{"drawMode":0,"name":"Shaded","section":"Shading Mode"},"sceneLighting":true,"audioPlay":false,"sceneViewState":{"m_AlwaysRefresh":false,"showFog":true,"showSkybox":true,"showFlares":true,"showImageEffects":true,"showParticleSystems":true,"showVisualEffectGraphs":true,"m_FxEnabled":true},"in2DMode":false,"pivot":{"x":-0.9029711484909058,"y":0.02003750205039978,"z":-5.833031177520752},"rotation":{"x":-0.002445730147883296,"y":0.9965883493423462,"z":-0.032003048807382587,"w":-0.07609083503484726},"size":11.583639144897461,"orthographic":false}