{"cameraMode":{"drawMode":0,"name":"Shaded","section":"Shading Mode"},"sceneLighting":true,"audioPlay":false,"sceneViewState":{"m_AlwaysRefresh":false,"showFog":true,"showSkybox":true,"showFlares":true,"showImageEffects":true,"showParticleSystems":true,"showVisualEffectGraphs":true,"m_FxEnabled":true},"in2DMode":false,"pivot":{"x":19.95511245727539,"y":2.300204038619995,"z":-4.410130977630615},"rotation":{"x":0.01863386482000351,"y":0.5800217986106873,"z":-0.013156269676983357,"w":0.8143948316574097},"size":0.45099663734436037,"orthographic":false}