{"cameraMode":{"drawMode":0,"name":"Shaded","section":"Shading Mode"},"sceneLighting":true,"audioPlay":false,"sceneViewState":{"m_AlwaysRefresh":false,"showFog":true,"showSkybox":true,"showFlares":true,"showImageEffects":true,"showParticleSystems":true,"showVisualEffectGraphs":true,"m_FxEnabled":true},"in2DMode":false,"pivot":{"x":38.61254119873047,"y":-102.19123840332031,"z":133.54998779296876},"rotation":{"x":0.29996708035469057,"y":-0.0337580181658268,"z":0.010800271295011044,"w":0.9534755349159241},"size":105.2772216796875,"orthographic":false}