{"cameraMode":{"drawMode":0,"name":"Shaded","section":"Shading Mode"},"sceneLighting":true,"audioPlay":false,"sceneViewState":{"m_AlwaysRefresh":false,"showFog":true,"showSkybox":true,"showFlares":true,"showImageEffects":true,"showParticleSystems":true,"showVisualEffectGraphs":true,"m_FxEnabled":true},"in2DMode":false,"pivot":{"x":3.4854683876037599,"y":-12.871780395507813,"z":31.175363540649415},"rotation":{"x":0.25061389803886416,"y":0.009793311357498169,"z":-0.0019680135883390905,"w":0.9684411287307739},"size":29.698022842407228,"orthographic":false}