{"cameraMode":{"drawMode":0,"name":"Shaded","section":"Shading Mode"},"sceneLighting":true,"audioPlay":false,"sceneViewState":{"m_AlwaysRefresh":false,"showFog":true,"showSkybox":true,"showFlares":true,"showImageEffects":true,"showParticleSystems":true,"showVisualEffectGraphs":true,"m_FxEnabled":true},"in2DMode":false,"pivot":{"x":1.246145486831665,"y":0.08367633819580078,"z":0.14694976806640626},"rotation":{"x":-0.15144647657871247,"y":0.030543770641088487,"z":-0.004695175215601921,"w":-0.9880036115646362},"size":4.282131671905518,"orthographic":false}