{"cameraMode":{"drawMode":0,"name":"Shaded","section":"Shading Mode"},"sceneLighting":true,"audioPlay":false,"sceneViewState":{"m_AlwaysRefresh":false,"showFog":true,"showSkybox":true,"showFlares":true,"showImageEffects":true,"showParticleSystems":true,"showVisualEffectGraphs":true,"m_FxEnabled":true},"in2DMode":false,"pivot":{"x":0.414278507232666,"y":2.2028968334198,"z":0.15411615371704102},"rotation":{"x":-0.044088494032621387,"y":-0.002091082278639078,"z":0.0000831397483125329,"w":-0.9990504384040833},"size":3.082131862640381,"orthographic":false}