{"cameraMode":{"drawMode":0,"name":"Shaded","section":"Shading Mode"},"sceneLighting":true,"audioPlay":false,"sceneViewState":{"m_AlwaysRefresh":false,"showFog":true,"showSkybox":true,"showFlares":true,"showImageEffects":true,"showParticleSystems":true,"showVisualEffectGraphs":true,"m_FxEnabled":true},"in2DMode":false,"pivot":{"x":4.540057182312012,"y":0.25325867533683779,"z":-4.88791561126709},"rotation":{"x":-0.2160997837781906,"y":-0.0023784709628671409,"z":0.0004035226593259722,"w":-0.9764155149459839},"size":699.7992553710938,"orthographic":false}