{"cameraMode":{"drawMode":0,"name":"Shaded","section":"Shading Mode"},"sceneLighting":true,"audioPlay":false,"sceneViewState":{"m_AlwaysRefresh":false,"showFog":true,"showSkybox":true,"showFlares":true,"showImageEffects":true,"showParticleSystems":true,"showVisualEffectGraphs":true,"m_FxEnabled":true},"in2DMode":false,"pivot":{"x":-2.101917028427124,"y":0.16467615962028504,"z":2.738670587539673},"rotation":{"x":0.11135926842689514,"y":0.014907469972968102,"z":-0.0016677058301866055,"w":0.9936784505844116},"size":1.044100284576416,"orthographic":false}