{"cameraMode":{"drawMode":0,"name":"Shaded","section":"Shading Mode"},"sceneLighting":true,"audioPlay":false,"sceneViewState":{"m_AlwaysRefresh":false,"showFog":true,"showSkybox":true,"showFlares":true,"showImageEffects":true,"showParticleSystems":true,"showVisualEffectGraphs":true,"m_FxEnabled":true},"in2DMode":false,"pivot":{"x":2.7300000190734865,"y":0.2739999294281006,"z":1.6330000162124634},"rotation":{"x":0.03842025250196457,"y":0.6663637757301331,"z":-0.03441432863473892,"w":0.7438580393791199},"size":0.3828184902667999,"orthographic":false}