{"cameraMode":{"drawMode":0,"name":"Shaded","section":"Shading Mode"},"sceneLighting":true,"audioPlay":false,"sceneViewState":{"m_AlwaysRefresh":false,"showFog":true,"showSkybox":true,"showFlares":true,"showImageEffects":true,"showParticleSystems":true,"showVisualEffectGraphs":true,"m_FxEnabled":true},"in2DMode":false,"pivot":{"x":0.6106171607971191,"y":-0.15941262245178224,"z":0.9753389358520508},"rotation":{"x":0.1648305058479309,"y":-0.014793423004448414,"z":0.0024760377127677204,"w":0.986225962638855},"size":5.182132244110107,"orthographic":false}