{"cameraMode":{"drawMode":0,"name":"Shaded","section":"Shading Mode"},"sceneLighting":true,"audioPlay":false,"sceneViewState":{"m_AlwaysRefresh":false,"showFog":true,"showSkybox":true,"showFlares":true,"showImageEffects":true,"showParticleSystems":true,"showVisualEffectGraphs":true,"m_FxEnabled":true},"in2DMode":false,"pivot":{"x":492.9064636230469,"y":448.404052734375,"z":-592.1443481445313},"rotation":{"x":-0.14380040764808656,"y":-0.011284653097391129,"z":0.0016391718527302147,"w":-0.9895454049110413},"size":20.193944931030275,"orthographic":false}