{"cameraMode":{"drawMode":0,"name":"Shaded","section":"Shading Mode"},"sceneLighting":true,"audioPlay":false,"sceneViewState":{"m_AlwaysRefresh":false,"showFog":true,"showSkybox":true,"showFlares":true,"showImageEffects":true,"showParticleSystems":true,"showVisualEffectGraphs":true,"m_FxEnabled":true},"in2DMode":false,"pivot":{"x":21.83793067932129,"y":1.4698539972305298,"z":-3.1237149238586427},"rotation":{"x":0.17086325585842133,"y":-0.7585535645484924,"z":0.2200242280960083,"w":0.5890710353851318},"size":27.566303253173829,"orthographic":false}