{"cameraMode":{"drawMode":0,"name":"Shaded","section":"Shading Mode"},"sceneLighting":true,"audioPlay":false,"sceneViewState":{"m_AlwaysRefresh":false,"showFog":true,"showSkybox":true,"showFlares":true,"showImageEffects":true,"showParticleSystems":true,"showVisualEffectGraphs":true,"m_FxEnabled":true},"in2DMode":false,"pivot":{"x":0.44898295402526858,"y":0.13393759727478028,"z":8.934477806091309},"rotation":{"x":-0.03508978709578514,"y":0.017395196482539178,"z":-0.0006253818864934146,"w":-0.9992555975914002},"size":3.3147475719451906,"orthographic":false}