{"cameraMode":{"drawMode":0,"name":"Shaded","section":"Shading Mode"},"sceneLighting":true,"audioPlay":false,"sceneViewState":{"m_AlwaysRefresh":false,"showFog":true,"showSkybox":true,"showFlares":true,"showImageEffects":true,"showParticleSystems":true,"showVisualEffectGraphs":true,"m_FxEnabled":true},"in2DMode":false,"pivot":{"x":206.72470092773438,"y":-170.3801727294922,"z":1217.5513916015625},"rotation":{"x":-0.06998807936906815,"y":-0.06828664243221283,"z":0.005193731281906366,"w":-0.9954531192779541},"size":622.9619750976563,"orthographic":false}