{"cameraMode":{"drawMode":0,"name":"Shaded","section":"Shading Mode"},"sceneLighting":false,"audioPlay":false,"sceneViewState":{"m_AlwaysRefresh":false,"showFog":true,"showSkybox":false,"showFlares":true,"showImageEffects":true,"showParticleSystems":true,"showVisualEffectGraphs":true,"m_FxEnabled":true},"in2DMode":false,"pivot":{"x":14.870562553405762,"y":0.18539759516716004,"z":0.22894519567489625},"rotation":{"x":0.2524634897708893,"y":-0.2992725074291229,"z":0.08252103626728058,"w":0.9165517091751099},"size":0.45275336503982546,"orthographic":false}