{"cameraMode":{"drawMode":0,"name":"Shaded","section":"Shading Mode"},"sceneLighting":false,"audioPlay":false,"sceneViewState":{"m_AlwaysRefresh":false,"showFog":true,"showSkybox":false,"showFlares":true,"showImageEffects":true,"showParticleSystems":true,"showVisualEffectGraphs":true,"m_FxEnabled":true},"in2DMode":false,"pivot":{"x":2.6530001163482668,"y":0.3790000081062317,"z":-0.07000000029802323},"rotation":{"x":0.11649876087903977,"y":-0.0958150252699852,"z":0.011362405493855477,"w":0.9885843396186829},"size":0.1509966403245926,"orthographic":false}