{"cameraMode":{"drawMode":0,"name":"Shaded","section":"Shading Mode"},"sceneLighting":true,"audioPlay":false,"sceneViewState":{"m_AlwaysRefresh":false,"showFog":true,"showSkybox":false,"showFlares":true,"showImageEffects":true,"showParticleSystems":true,"showVisualEffectGraphs":true,"m_FxEnabled":true},"in2DMode":false,"pivot":{"x":-0.0019333288073539734,"y":0.6436341404914856,"z":0.21663939952850343},"rotation":{"x":0.00009321818652097136,"y":1.0000388622283936,"z":-0.004809798207134008,"w":0.008424078114330769},"size":0.6164966225624085,"orthographic":false}