{"cameraMode":{"drawMode":0,"name":"Shaded","section":"Shading Mode"},"sceneLighting":false,"audioPlay":false,"sceneViewState":{"m_AlwaysRefresh":false,"showFog":true,"showSkybox":false,"showFlares":true,"showImageEffects":true,"showParticleSystems":true,"showVisualEffectGraphs":true,"m_FxEnabled":true},"in2DMode":false,"pivot":{"x":-0.20460739731788636,"y":0.06068418174982071,"z":0.25408935546875},"rotation":{"x":-0.0790509581565857,"y":-0.7265576124191284,"z":0.07950928807258606,"w":-0.6789290308952332},"size":0.35514235496520998,"orthographic":false}