{"cameraMode":{"drawMode":0,"name":"Shaded","section":"Shading Mode"},"sceneLighting":false,"audioPlay":false,"sceneViewState":{"m_AlwaysRefresh":false,"showFog":true,"showSkybox":false,"showFlares":true,"showImageEffects":true,"showParticleSystems":true,"showVisualEffectGraphs":true,"m_FxEnabled":true},"in2DMode":false,"pivot":{"x":-289.2336730957031,"y":603.7420043945313,"z":-11.000354766845704},"rotation":{"x":0.027052752673625947,"y":-0.05527939274907112,"z":-0.005050627514719963,"w":-0.9987947344779968},"size":187.4440155029297,"orthographic":false}