{"cameraMode":{"drawMode":0,"name":"Shaded","section":"Shading Mode"},"sceneLighting":false,"audioPlay":false,"sceneViewState":{"m_AlwaysRefresh":false,"showFog":true,"showSkybox":false,"showFlares":true,"showImageEffects":true,"showParticleSystems":true,"showVisualEffectGraphs":true,"m_FxEnabled":true},"in2DMode":false,"pivot":{"x":182.59056091308595,"y":293.2896728515625,"z":169.531494140625},"rotation":{"x":0.048417676240205768,"y":0.07966312766075134,"z":0.00032404615194536746,"w":-0.996350109577179},"size":578.4591064453125,"orthographic":false}