{"cameraMode":{"drawMode":0,"name":"Shaded","section":"Shading Mode"},"sceneLighting":false,"audioPlay":false,"sceneViewState":{"m_AlwaysRefresh":false,"showFog":true,"showSkybox":false,"showFlares":true,"showImageEffects":true,"showParticleSystems":true,"showVisualEffectGraphs":true,"m_FxEnabled":true},"in2DMode":false,"pivot":{"x":8.64700698852539,"y":0.28849998116493227,"z":-5.933036804199219},"rotation":{"x":-0.025810791179537774,"y":-0.0027772996108978988,"z":0.00004431252818903886,"w":-0.999768078327179},"size":0.43264445662498476,"orthographic":false}