{"cameraMode":{"drawMode":0,"name":"Shaded","section":"Shading Mode"},"sceneLighting":false,"audioPlay":false,"sceneViewState":{"m_AlwaysRefresh":false,"showFog":true,"showSkybox":false,"showFlares":true,"showImageEffects":true,"showParticleSystems":true,"showVisualEffectGraphs":true,"m_FxEnabled":true},"in2DMode":false,"pivot":{"x":0.6013967990875244,"y":2.6319057941436769,"z":-1.446364164352417},"rotation":{"x":0.19414746761322022,"y":-0.08586674183607102,"z":0.019158218055963517,"w":0.977631688117981},"size":0.4082967936992645,"orthographic":false}