{"cameraMode":{"drawMode":0,"name":"Shaded","section":"Shading Mode"},"sceneLighting":false,"audioPlay":false,"sceneViewState":{"m_AlwaysRefresh":false,"showFog":true,"showSkybox":false,"showFlares":true,"showImageEffects":true,"showParticleSystems":true,"showVisualEffectGraphs":true,"m_FxEnabled":true},"in2DMode":false,"pivot":{"x":0.3759858310222626,"y":0.31867656111717226,"z":0.22544048726558686},"rotation":{"x":0.19951990246772767,"y":-0.6838979125022888,"z":0.20810547471046449,"w":0.6712369918823242},"size":0.6689045429229736,"orthographic":false}