{"cameraMode":{"drawMode":0,"name":"Shaded","section":"Shading Mode"},"sceneLighting":true,"audioPlay":false,"sceneViewState":{"m_AlwaysRefresh":false,"showFog":true,"showSkybox":false,"showFlares":true,"showImageEffects":true,"showParticleSystems":true,"showVisualEffectGraphs":true,"m_FxEnabled":true},"in2DMode":false,"pivot":{"x":-0.2641615867614746,"y":3.2115001678466799,"z":-2.8573546409606935},"rotation":{"x":0.20534157752990724,"y":-0.6932653188705444,"z":0.21826624870300294,"w":0.6560579538345337},"size":0.8660253882408142,"orthographic":false}