{"cameraMode":{"drawMode":0,"name":"Shaded","section":"Shading Mode"},"sceneLighting":false,"audioPlay":false,"sceneViewState":{"m_AlwaysRefresh":false,"showFog":true,"showSkybox":false,"showFlares":true,"showImageEffects":true,"showParticleSystems":true,"showVisualEffectGraphs":true,"m_FxEnabled":true},"in2DMode":false,"pivot":{"x":2.530632257461548,"y":0.14600753784179688,"z":0.03224217891693115},"rotation":{"x":0.18727841973304749,"y":-0.11025102436542511,"z":0.021159954369068147,"w":0.975881814956665},"size":0.4470757246017456,"orthographic":false}