{"cameraMode":{"drawMode":0,"name":"Shaded","section":"Shading Mode"},"sceneLighting":true,"audioPlay":false,"sceneViewState":{"m_AlwaysRefresh":false,"showFog":true,"showSkybox":true,"showFlares":true,"showImageEffects":true,"showParticleSystems":true,"showVisualEffectGraphs":true,"m_FxEnabled":true},"in2DMode":false,"pivot":{"x":0.22657155990600587,"y":-2.0431690216064455,"z":2.6177539825439455},"rotation":{"x":0.20189963281154633,"y":-0.09709978103637696,"z":0.020098894834518434,"w":0.9744032621383667},"size":4.085977077484131,"orthographic":false}