{"cameraMode":{"drawMode":0,"name":"Shaded","section":"Shading Mode"},"sceneLighting":true,"audioPlay":false,"sceneViewState":{"m_AlwaysRefresh":false,"showFog":true,"showSkybox":true,"showFlares":true,"showImageEffects":true,"showParticleSystems":true,"showVisualEffectGraphs":true,"m_FxEnabled":true},"in2DMode":false,"pivot":{"x":0.0022868532687425615,"y":-0.8934993743896484,"z":-1.8940296173095704},"rotation":{"x":0.00041279636207036674,"y":0.9733679890632629,"z":-0.2292526513338089,"w":0.0017531085759401322},"size":5.56636905670166,"orthographic":false}