{"cameraMode":{"drawMode":0,"name":"Shaded","section":"Shading Mode"},"sceneLighting":true,"audioPlay":false,"sceneViewState":{"m_AlwaysRefresh":false,"showFog":true,"showSkybox":true,"showFlares":true,"showImageEffects":true,"showParticleSystems":true,"showVisualEffectGraphs":true,"m_FxEnabled":true},"in2DMode":false,"pivot":{"x":2.4184367656707765,"y":-0.03741911053657532,"z":-1.0587495565414429},"rotation":{"x":0.00252462737262249,"y":0.9927257895469666,"z":-0.11850360035896301,"w":0.021149205043911935},"size":1.3710663318634034,"orthographic":false}