{"cameraMode":{"drawMode":0,"name":"Shaded","section":"Shading Mode"},"sceneLighting":true,"audioPlay":false,"sceneViewState":{"m_AlwaysRefresh":false,"showFog":true,"showSkybox":true,"showFlares":true,"showImageEffects":true,"showParticleSystems":true,"showVisualEffectGraphs":true,"m_FxEnabled":true},"in2DMode":false,"pivot":{"x":-2.5157630443573,"y":0.20078134536743165,"z":1.7410755157470704},"rotation":{"x":0.007426311727613211,"y":0.9767656326293945,"z":-0.21157370507717133,"w":0.034314826130867007},"size":7.085977554321289,"orthographic":false}