{"cameraMode":{"drawMode":0,"name":"Shaded","section":"Shading Mode"},"sceneLighting":false,"audioPlay":false,"sceneViewState":{"m_AlwaysRefresh":false,"showFog":true,"showSkybox":false,"showFlares":true,"showImageEffects":true,"showParticleSystems":true,"showVisualEffectGraphs":true,"m_FxEnabled":true},"in2DMode":false,"pivot":{"x":-0.10787279903888703,"y":0.30868735909461977,"z":0.41764864325523379},"rotation":{"x":0.1254742294549942,"y":0.0260444525629282,"z":-0.0012570299440994859,"w":0.9923588037490845},"size":0.5787917971611023,"orthographic":false}