{"cameraMode":{"drawMode":0,"name":"Shaded","section":"Shading Mode"},"sceneLighting":false,"audioPlay":false,"sceneViewState":{"m_AlwaysRefresh":false,"showFog":true,"showSkybox":false,"showFlares":true,"showImageEffects":true,"showParticleSystems":true,"showVisualEffectGraphs":true,"m_FxEnabled":true},"in2DMode":false,"pivot":{"x":2.788179397583008,"y":0.4695506989955902,"z":-0.02610790729522705},"rotation":{"x":0.11946291476488114,"y":-0.14181527495384217,"z":0.019305262714624406,"w":0.983077347278595},"size":0.5787917971611023,"orthographic":false}