{"cameraMode":{"drawMode":0,"name":"Shaded","section":"Shading Mode"},"sceneLighting":false,"audioPlay":false,"sceneViewState":{"m_AlwaysRefresh":false,"showFog":true,"showSkybox":false,"showFlares":true,"showImageEffects":true,"showParticleSystems":true,"showVisualEffectGraphs":true,"m_FxEnabled":true},"in2DMode":false,"pivot":{"x":2.230915069580078,"y":0.27467700839042666,"z":0.03103478066623211},"rotation":{"x":0.25346553325653078,"y":-0.2201766073703766,"z":0.061573710292577746,"w":0.9405746459960938},"size":0.5787917971611023,"orthographic":false}